EAR,MAR,Pitch,Yaw,Label
0.7,0.3500588721784489,36.75,6.468749999999999,Focused
0.7,0.4729041774889798,37.875,4.5,Focused
1.0,0.9377158947614622,19.125,11.531249999999998,Focused
1.2999999999999998,0.7809426387339606,20.625,4.21875,Focused
0.7,0.7328009385378033,19.875,2.25,Focused
1.0,0.724638970935718,21.0,2.25,Focused
0.7,0.7206969721512657,21.0,1.9687499999999998,Focused
1.0,0.7347077393419436,22.5,1.125,Focused
0.7,0.7035740981694564,16.5,-3.9374999999999996,Focused
0.7,0.7410848518406793,15.749999999999998,-2.8125,Focused
0.4,0.8787096275476053,20.625,-18.84375,Focused
0.7,0.7489249143600731,17.625,-9.0,Focused
0.7,0.7269697570722237,16.875,-5.0625,Focused
1.0,0.7461158011138057,16.5,-1.6875,Focused
0.7,0.8782261982329475,3.75,16.03125,Looking Away
1.0,0.7839401247727088,3.75,9.5625,Looking Away
1.0,0.7703824683497789,4.5,0.84375,Looking Away
1.0,0.781835911261022,3.375,-9.5625,Looking Away
1.0,0.748056157912048,5.625,-12.375000000000002,Looking Away
0.4,0.9152031963205342,42.75,0.0,Looking Away
0.7,0.7150482131755024,35.625,11.8125,Looking Away
0.7,0.8080425999665459,36.75,1.40625,Drowsy
0.7,0.9107969996100768,37.5,2.25,Drowsy
1.0,0.8162386608414292,37.125,1.9687499999999998,Drowsy
1.0,0.8206427014814998,33.0,2.25,Drowsy
1.0,0.7577735225683112,24.750000000000004,-1.40625,Drowsy
0.7,0.8400229082656009,36.0,-10.40625,Drowsy
0.7,0.8776976682315039,40.875,-9.5625,Drowsy
0.4,0.9728756828872049,41.25,-1.6875,Drowsy
1.0,1.080114905090628,42.0,5.0625,Drowsy
1.2999999999999998,1.0288661186303225,36.75,4.5,Drowsy
0.7,1.0050600221620034,37.125,3.9374999999999996,Drowsy
1.0,0.9315056577099505,39.75,-13.781250000000002,Drowsy
0.7,0.8542016072559301,28.875000000000004,-18.5625,Drowsy
0.7,0.8417472484377363,30.0,-18.28125,Drowsy
0.7,0.845679987468416,31.125,-17.71875,Drowsy
0.7,0.8277873695247767,31.125,-18.28125,Drowsy
0.7,0.8504457784760985,31.499999999999996,-16.3125,Drowsy
1.0,0.9124086516308069,31.499999999999996,-9.84375,Drowsy
1.0,0.9416833725346823,33.0,-9.84375,Drowsy
0.7,0.9432755581442107,31.875,-14.90625,Drowsy
0.7,0.8859054837118662,28.875000000000004,-17.71875,Drowsy
0.7,0.9168534470689238,32.25,-26.71875,Drowsy
0.7,0.9264201658911564,33.0,-27.281249999999996,Drowsy
0.7,0.9444404119511107,31.875,-29.8125,Drowsy
1.0,0.9498736880437434,32.625,-30.093749999999996,Drowsy
0.7,0.8494574884318753,31.875,-18.0,Drowsy
0.7,0.848897660787312,25.125,-19.40625,Drowsy
0.7,0.8645725351566351,29.25,-19.6875,Drowsy
0.7,0.8542935714714578,29.25,-20.25,Drowsy
0.7,0.8596832165641868,29.25,-19.96875,Drowsy
0.7,0.8452965032353874,30.375000000000004,-21.09375,Drowsy
0.7,0.8680518160981678,28.5,-19.6875,Drowsy
0.7,0.8827552717203873,27.75,-17.4375,Drowsy
0.7,0.7151125010814448,24.750000000000004,-6.468749999999999,Drowsy
0.7,0.8779314339293093,27.374999999999996,-16.3125,Drowsy
0.7,0.9189865202166284,29.25,-23.343750000000004,Drowsy
0.7,0.958474701460452,30.0,-28.687499999999996,Drowsy
0.7,0.9561219202460347,31.499999999999996,-31.499999999999996,Drowsy
0.7,0.9515987563851858,27.0,-29.25,Drowsy
0.7,0.9282587703816948,24.375,-25.3125,Drowsy
0.7,0.9317849733498319,21.75,-25.3125,Drowsy
0.7,0.903801367392056,24.0,-24.1875,Drowsy
0.7,0.8974601986053378,32.625,-24.1875,Drowsy
1.0,0.9345138827193205,33.375,-24.750000000000004,Drowsy
0.7,0.8826359487636141,28.125,-23.062499999999996,Drowsy
0.7,0.9261387173507258,25.125,-25.03125,Drowsy
0.7,0.8948302057706834,30.75,-21.9375,Looking Away
0.7,0.8522927195234449,30.375000000000004,-19.125,Looking Away
0.7,0.7121004292948269,28.875000000000004,-13.781250000000002,Looking Away
0.7,0.8928550283826802,30.0,-1.125,Looking Away
0.7,0.8625913189653507,29.25,-0.84375,Looking Away
0.7,0.8442513230602031,29.25,-1.125,Looking Away
1.0,0.7214589059384572,22.5,-2.25,Looking Away
1.0,0.7067553848781735,19.5,-2.25,Looking Away
1.2999999999999998,0.7088536278863667,19.875,-1.6875,Looking Away
0.7,0.7036925499267671,21.375,-2.25,Looking Away
0.7,0.7489429288381336,13.875,-1.6875,Looking Away
0.7,0.7679711058559857,10.5,-0.28125,Looking Away
0.7,0.7829401900267204,10.875,1.40625,Looking Away
0.7,0.7525739377420706,10.875,-0.28125,Looking Away
0.7,0.7491419435184367,12.0,-2.8125,Looking Away
1.0,0.7530316682115487,10.875,-7.3125,Looking Away
1.0,0.7453525631602129,11.25,-11.531249999999998,Looking Away
1.0,0.7469056128192689,12.0,-13.5,Looking Away
0.7,0.6146212362657381,27.374999999999996,3.9374999999999996,Looking Away
1.2999999999999998,0.7005350516359059,27.75,5.34375,Looking Away
0.7,0.6718075809975363,28.125,-8.15625,Looking Away
0.7,0.6771935607606426,27.0,-8.71875,Looking Away
0.7,0.7833107136174061,31.125,3.0937500000000004,Focused
1.0,0.845809897864243,30.75,3.65625,Focused
0.7,0.7544507020021028,27.75,3.0937500000000004,Focused
0.7,0.7416933713055177,27.0,3.0937500000000004,Focused
0.7,0.707309741452057,26.25,1.9687499999999998,Focused
1.0,0.702722413511751,26.25,1.9687499999999998,Focused
0.7,0.6990930628567016,26.625,1.9687499999999998,Focused
1.0,0.6989515009641966,26.625,1.6875,Focused
0.7,0.6900906584178729,27.0,1.40625,Focused
1.0,0.6968003619668148,27.0,0.84375,Focused
1.0,0.6897131273356009,27.374999999999996,0.84375,Focused
0.7,0.6898940337452432,27.0,1.125,Focused
0.7,0.6949638694854327,27.0,0.5625,Focused
0.7,0.6902836482825512,27.0,0.84375,Focused
0.7,0.7780363988573624,33.375,5.34375,Focused
0.7,0.6692748920375408,31.125,3.65625,Focused
0.7,0.6765646301383421,30.375000000000004,3.0937500000000004,Focused
0.7,0.6398207890436254,29.625,2.8125,Focused
0.7,0.6570801277158413,29.25,1.9687499999999998,Focused
1.0,0.6636794369812901,28.875000000000004,1.6875,Focused
0.7,0.6503456882897981,28.125,1.40625,Focused
0.7,0.6552152070918053,27.0,0.84375,Focused
1.0,0.6662064477371049,27.0,0.84375,Focused
0.7,0.6834032606166227,26.625,0.84375,Focused
1.0,0.6752358560886061,27.0,0.5625,Focused
0.7,0.6703451571521255,27.0,-0.28125,Focused
1.0,0.6848658736414572,27.0,0.28125,Focused
1.0,0.6936195258653913,27.0,0.0,Focused
0.7,0.6890384318066607,27.374999999999996,0.0,Focused
0.7,0.6833822259925759,27.374999999999996,-0.28125,Focused
1.0,0.6917711323493451,26.625,-0.28125,Focused
0.7,0.6943189789700014,27.0,-0.28125,Focused
0.7,0.6882170655327903,27.0,0.0,Focused
0.7,0.7002011429669655,27.374999999999996,-0.28125,Focused
0.7,0.7000728269236839,27.374999999999996,0.0,Focused
0.7,0.6996696318152622,27.0,-0.28125,Focused
0.7,0.6932193961952448,27.374999999999996,-0.28125,Focused
1.0,0.6939833444931499,27.374999999999996,-0.5625,Focused
1.0,0.6946858583386195,27.0,-0.5625,Focused
0.7,0.6885112671678583,27.0,-0.28125,Focused
0.7,0.6915924406769242,27.0,0.0,Focused
0.7,0.7246930027896465,27.0,-0.5625,Focused
1.0,0.7113268962025561,25.874999999999996,-0.28125,Focused
0.7,0.708475530966816,25.125,-0.28125,Focused
0.7,0.7132899449347363,24.375,-0.28125,Focused
1.0,0.7055902410700163,23.625,-0.28125,Focused
0.7,0.7139357050160129,23.250000000000004,-0.28125,Focused
0.7,0.7160682641712487,22.125,-0.5625,Focused
0.7,0.752132024258093,21.75,-0.84375,Focused
1.0,0.776975338969522,20.625,-1.125,Focused
0.7,0.7703041485655291,21.0,-0.84375,Focused
0.7,0.778228868014705,20.25,-1.40625,Focused
0.7,0.8279978875337265,21.375,-1.125,Focused
1.0,0.8722546421644597,21.375,-1.125,Focused
1.0,0.8295486586898828,20.625,-1.6875,Focused
0.7,0.8583027572762583,20.25,-1.9687499999999998,Focused
0.7,0.8581562809392832,19.125,-2.53125,Focused
0.7,0.8652995562743349,19.125,-2.25,Focused
0.7,0.8524298471754979,18.375,-2.53125,Focused
0.7,0.8801410306839912,17.625,-2.53125,Focused
0.7,0.9693720651246541,16.5,-2.53125,Focused
1.0,1.0221310586471193,16.5,-2.25,Focused
0.7,1.027087379152622,16.875,-3.0937500000000004,Focused
0.7,0.9907221970069388,15.375,-2.53125,Focused
0.7,1.0559935616287306,15.749999999999998,-2.8125,Focused
0.7,1.0766770191395236,15.749999999999998,-1.40625,Focused
0.7,1.1094876600798285,16.875,-2.25,Focused
0.7,1.1271165226125124,16.875,-2.25,Focused
1.0,1.1055746260660408,18.375,-2.8125,Focused
1.0,1.0788804770078217,21.0,-2.25,Focused
0.7,1.1036355624005947,22.125,-1.9687499999999998,Focused
0.7,1.1188606219171795,23.625,-2.8125,Focused
0.7,1.1261801574419967,23.250000000000004,-2.8125,Focused
0.7,1.1204516628551537,25.874999999999996,-1.6875,Focused
0.7,1.183645420671377,26.625,-0.5625,Focused
1.0,1.1917404526161044,27.75,-0.5625,Focused
1.0,1.2289800444511847,27.0,-2.8125,Focused
1.0,1.212660163540437,25.125,-0.84375,Focused
1.0,1.141234951307365,21.375,-2.25,Focused
0.7,1.1289181985298464,21.375,-1.125,Focused
1.0,1.1424395662519815,18.375,-0.84375,Focused
1.0,1.1422883647867532,16.125,-0.28125,Focused
0.7,1.1582002310108717,14.25,-1.125,Focused
1.0,1.0909889676613698,11.625000000000002,0.0,Focused
1.0,1.0107349939174468,9.375,0.5625,Focused
1.2999999999999998,0.9663117117172458,9.375,1.6875,Focused
1.0,0.9769493894604114,10.5,2.8125,Focused
1.0,0.9460026600538701,10.125,2.8125,Focused
1.0,0.9663124782289081,10.875,3.65625,Focused
0.7,0.9283444045485392,11.25,3.9374999999999996,Focused
1.0,0.921575063346049,10.125,4.21875,Focused
1.0,0.9052695917014332,9.75,5.0625,Focused
0.7,0.9696977542282202,10.125,4.5,Focused
0.7,0.9337974549025305,9.375,4.78125,Focused
1.0,0.9145993480813478,9.375,5.0625,Focused
0.7,0.8841014938198514,9.75,5.0625,Focused
1.0,0.8806875176433573,9.75,5.625,Focused
0.7,0.8605531761564994,9.375,5.625,Focused
1.2999999999999998,0.8690757158778366,10.5,5.90625,Focused
1.0,0.8471603520967751,9.0,5.625,Focused
1.0,0.8445420811841541,9.0,5.625,Focused
1.0,0.8423968665581586,9.375,5.34375,Focused
1.0,0.8339425115699224,9.0,5.34375,Focused
0.7,0.829718836654485,9.375,5.34375,Focused
1.0,0.8230624694212579,9.375,5.34375,Focused
0.7,0.8194474041402295,9.375,5.34375,Focused
1.0,0.806554005428118,9.375,5.0625,Focused
0.7,0.7941505965714927,9.75,5.0625,Focused
1.0,0.7778084216913919,9.375,4.5,Focused
0.7,0.7808667239692988,9.75,5.0625,Focused
1.2999999999999998,0.7700027088620159,9.375,4.78125,Focused
0.7,0.7600515762867892,9.375,4.5,Focused
0.7,0.7581945940821108,10.125,5.0625,Focused
1.0,0.7316671611241925,12.375000000000002,2.25,Drowsy
0.7,0.736669618250951,11.25,3.0937500000000004,Drowsy
0.7,0.7519673663079831,10.5,3.375,Drowsy
1.2999999999999998,0.7543417822417272,10.125,3.0937500000000004,Drowsy
1.2999999999999998,0.7442085910475974,10.875,3.0937500000000004,Drowsy
1.0,0.7520029993009548,11.25,2.53125,Drowsy
1.0,0.7474915397184558,10.875,2.8125,Drowsy
0.4,0.7933418050230349,71.25,59.34375000000001,Drowsy
1.0,0.7664179621414391,11.25,2.53125,Drowsy
1.2999999999999998,0.7509700197560837,11.625000000000002,2.8125,Drowsy
1.2999999999999998,0.7561068716880073,11.625000000000002,2.53125,Drowsy
1.0,0.7378380424467623,11.625000000000002,2.25,Drowsy
1.2999999999999998,0.7334109824518157,11.625000000000002,2.25,Drowsy
1.2999999999999998,0.7328501723601639,11.625000000000002,2.53125,Drowsy
1.0,0.7502268191339769,11.625000000000002,2.8125,Drowsy
0.7,0.7421230744541221,13.5,3.0937500000000004,Drowsy
1.0,0.7317737029066805,13.125,2.53125,Drowsy
0.7,0.7304986355722473,13.5,2.53125,Drowsy
1.0,0.7370561224018509,13.875,3.0937500000000004,Drowsy
1.0,0.7327856386753361,13.125,3.0937500000000004,Drowsy
1.2999999999999998,0.729784251578014,13.5,3.65625,Drowsy
1.0,0.7195865211964539,13.5,3.9374999999999996,Drowsy
1.2999999999999998,0.725729318434859,13.5,3.9374999999999996,Drowsy
1.0,0.7182149608999912,13.5,4.21875,Drowsy
1.0,0.7176071914671551,13.125,4.21875,Drowsy
0.4,0.8182896457703714,71.625,59.625,Drowsy
1.2999999999999998,0.7186899018603673,14.25,4.21875,Drowsy
1.0,0.7211248812268275,15.375,4.5,Drowsy
0.7,0.715987259681551,15.375,3.9374999999999996,Drowsy
1.0,0.7208576503803221,15.749999999999998,4.5,Drowsy
1.2999999999999998,0.7192303813800497,16.125,3.9374999999999996,Drowsy
1.0,0.7196465077386044,15.375,3.9374999999999996,Drowsy
1.2999999999999998,0.7239294334917469,13.5,4.5,Drowsy
1.0,0.727667296496746,13.875,4.21875,Drowsy
1.0,0.7311930360364532,13.875,3.65625,Drowsy
1.0,0.7310537499494848,12.75,4.5,Drowsy
1.0,0.731068583445465,13.125,4.78125,Drowsy
1.2999999999999998,0.7306781404014082,13.5,5.0625,Drowsy
1.0,0.7283226682052719,14.625,4.78125,Drowsy
1.0,0.7235592466646559,15.375,5.34375,Drowsy
1.0,0.7203797163991689,15.375,5.0625,Drowsy
1.0,0.7204695585240016,15.749999999999998,5.34375,Drowsy
1.2999999999999998,0.7205875101085222,15.375,5.34375,Drowsy
1.0,0.7213685134440888,15.749999999999998,5.625,Drowsy
1.2999999999999998,0.720150944463591,15.375,5.34375,Drowsy
1.2999999999999998,0.721579489588835,14.625,5.34375,Drowsy
1.0,0.7175956433079743,13.875,4.5,Drowsy
1.0,0.7304681111173973,14.625,4.78125,Drowsy
0.4,0.8348885542663511,72.375,59.625,Drowsy
1.2999999999999998,0.7251619010505059,14.625,5.0625,Drowsy
1.0,0.7283512180879531,16.5,5.0625,Drowsy
1.2999999999999998,0.7260278866722394,16.125,4.5,Drowsy
1.0,0.7238859486908212,16.5,4.78125,Drowsy
0.4,0.8382964267022084,72.0,59.0625,Drowsy
1.2999999999999998,0.7309228990807555,15.749999999999998,4.78125,Drowsy
1.0,0.7321070300499986,14.625,4.5,Drowsy
1.0,0.7365978721795803,14.25,4.5,Drowsy
1.2999999999999998,0.721242237339184,13.5,4.78125,Drowsy
0.7,0.716608356369554,13.875,5.0625,Drowsy
1.2999999999999998,0.7165717437837138,13.5,5.34375,Drowsy
1.2999999999999998,0.721771539493935,14.625,5.625,Drowsy
1.2999999999999998,0.7297172037895759,15.0,5.0625,Drowsy
1.0,0.7203449792977727,16.125,5.0625,Drowsy
1.0,0.710178146964134,17.625,9.28125,Drowsy
1.0,0.7194773797040367,17.625,7.874999999999999,Drowsy
1.0,0.7205036038409045,17.25,9.28125,Drowsy
0.7,0.7366339923442518,15.0,3.9374999999999996,Drowsy
0.7,0.759778990038456,15.749999999999998,-4.5,Drowsy
0.7,0.9589362902186274,22.5,12.65625,Looking Away
1.0,0.8276073045972305,22.5,12.65625,Looking Away
1.0,0.9043977001816724,22.125,12.937499999999998,Looking Away
0.7,0.9087448587667066,21.375,12.937499999999998,Looking Away
1.0,0.8981450423668139,21.75,12.375000000000002,Looking Away
0.7,0.8016842589298335,21.75,12.09375,Looking Away
0.7,0.9722404345245758,24.0,13.21875,Looking Away
0.7,0.9514550553626375,22.875,12.937499999999998,Looking Away
0.7,1.013044798401104,24.0,12.65625,Looking Away
1.2999999999999998,0.7213899547247035,22.5,9.84375,Looking Away
0.7,0.7586742695939273,22.125,10.96875,Looking Away
0.7,0.7463699507788374,21.375,11.531249999999998,Looking Away
1.0,0.7509350072420525,21.375,10.96875,Looking Away
1.0,0.7256463931803238,21.375,10.125,Looking Away
0.7,0.7973401281630995,21.0,10.125,Looking Away
1.2999999999999998,0.8063406055549539,21.0,9.28125,Looking Away
1.0,0.7920418216169327,20.625,9.28125,Looking Away
0.7,0.7489904693229466,20.625,8.15625,Looking Away
0.7,0.7205677173770598,20.625,7.874999999999999,Looking Away
1.2999999999999998,0.7347575292710861,19.875,8.15625,Looking Away
1.0,0.6870005615474869,18.75,7.3125,Looking Away
1.0,0.6943911011311382,17.625,7.03125,Looking Away
1.0,0.6989612794010911,17.625,6.75,Looking Away
0.7,0.7002737225523517,16.875,6.75,Looking Away
1.0,0.7088776704233131,16.5,6.75,Looking Away
0.7,0.7112885165746559,16.125,7.03125,Looking Away
0.7,0.7174453166537303,15.375,6.468749999999999,Looking Away
0.7,0.7165385993882981,15.375,6.187500000000001,Looking Away
0.7,0.718485484464929,15.375,6.187500000000001,Looking Away
1.0,0.718230276393313,16.125,6.187500000000001,Looking Away
1.0,0.7149455134188143,15.749999999999998,5.90625,Looking Away
1.0,0.7156248058365636,15.375,5.34375,Looking Away
1.2999999999999998,0.7284424998833842,15.375,4.21875,Looking Away
1.0,0.7238557146091605,15.375,4.5,Looking Away
1.2999999999999998,0.7265182672375662,14.625,4.78125,Looking Away
0.7,0.7199330756790939,14.25,4.21875,Looking Away
1.0,0.729774808605218,19.125,-7.03125,Looking Away
0.7,0.7359501129689021,21.375,-10.40625,Looking Away
0.7,0.7356315536531597,21.75,-10.40625,Looking Away
0.7,0.7516595782887308,21.375,-11.531249999999998,Looking Away
0.7,0.742174672527059,21.0,-12.375000000000002,Looking Away
0.7,0.7394961386852178,21.375,-12.09375,Looking Away
0.7,0.7395170422228601,21.375,-12.09375,Looking Away
0.4,0.7398105658955038,21.375,-12.09375,Looking Away
1.0,0.7541172488577031,21.75,-12.09375,Looking Away
1.0,0.7539414524165075,21.75,-12.09375,Looking Away
0.7,0.7545010683935779,21.75,-12.09375,Looking Away
0.7,0.7368779110931777,21.75,-12.09375,Looking Away
0.7,0.753335439543441,21.75,-12.09375,Looking Away
1.0,0.73788489525852,24.375,-7.3125,Looking Away
1.0,0.7300817700442545,24.750000000000004,-7.3125,Looking Away
0.7,0.7384807748007745,24.375,-7.3125,Looking Away
0.7,0.7266700071763478,24.375,-7.03125,Looking Away
1.0,0.7266617714755336,23.625,-8.15625,Looking Away
1.0,0.7261258537454682,23.625,-8.15625,Looking Away
1.0,0.7258281049509376,23.625,-8.15625,Looking Away
0.7,0.7206044642875657,23.625,-7.874999999999999,Looking Away
0.7,0.7259146272151245,24.750000000000004,-7.3125,Looking Away
1.0,0.7261113391067964,24.750000000000004,-7.3125,Looking Away
0.7,0.7258993751205587,24.750000000000004,-7.3125,Looking Away
0.7,0.7254032170413283,23.625,-8.15625,Looking Away
0.4,0.7426084662812578,30.375000000000004,-4.78125,Looking Away
0.4,0.7447319660333052,30.375000000000004,-4.78125,Looking Away
0.4,0.7847359013576926,31.125,-4.78125,Looking Away
0.7,0.7616177204144925,31.125,-5.34375,Looking Away
0.4,0.7418987304073434,30.75,-5.34375,Looking Away
0.4,0.7187323599433653,31.125,-4.78125,Looking Away
1.0,0.7104128603802036,23.625,-4.21875,Looking Away
0.7,0.7183697735527963,22.5,-4.78125,Looking Away
0.7,0.7202775499095079,22.5,-4.5,Looking Away
1.0,0.7189478430740867,22.875,-4.78125,Looking Away
1.0,0.7136593435789078,23.250000000000004,-5.0625,Looking Away
1.0,0.712885993601443,22.5,-5.0625,Looking Away
1.0,0.7128342397816838,22.125,-4.5,Looking Away
0.7,0.715714862369347,21.0,-5.90625,Looking Away
1.0,0.7577207654065907,21.75,-7.03125,Looking Away
0.7,0.7577932991473285,21.75,-7.03125,Looking Away
0.7,0.7617454279667254,21.75,-7.593750000000001,Looking Away
1.0,0.760017536243145,22.125,-7.3125,Looking Away
0.7,0.7604195612923887,22.125,-7.3125,Looking Away
1.0,0.7590991084426669,22.125,-7.3125,Looking Away
1.0,0.7582033522338595,22.125,-7.3125,Looking Away
1.0,0.7580149433388736,22.125,-7.3125,Looking Away
0.7,0.6931277684580683,17.625,-1.6875,Looking Away
1.0,0.6792582921402012,16.5,-1.125,Looking Away
0.7,0.7255136006582746,17.25,-0.84375,Looking Away
0.7,0.713987669594719,17.25,0.5625,Looking Away
1.0,0.7070379503480073,16.5,1.125,Looking Away
0.7,0.6626338383890544,18.0,0.84375,Looking Away
0.7,0.7031706771961947,24.375,-2.53125,Looking Away
0.7,0.6991632114586062,18.0,0.0,Looking Away
0.7,0.7234110257693039,19.5,1.125,Looking Away
0.7,0.6936333177363685,19.125,0.5625,Looking Away
0.7,0.6857255743558983,19.125,0.28125,Looking Away
0.7,0.7528307301233476,20.625,0.28125,Looking Away
1.0,0.7391101785215328,19.875,0.28125,Looking Away
0.7,0.6943897881525517,18.375,0.0,Looking Away
0.7,0.7021620662200351,18.375,0.0,Looking Away
0.7,0.7514004977695744,18.75,0.28125,Looking Away
0.7,0.7414267745164578,19.5,0.5625,Looking Away
0.7,0.7823192429912118,20.25,1.125,Looking Away
0.7,0.7636401081454658,19.875,1.125,Looking Away
0.7,0.778345717025012,20.25,0.28125,Looking Away
1.0,0.7794089293689673,20.625,0.28125,Looking Away
0.7,0.7602317219286029,20.625,0.0,Looking Away
1.0,0.7559027649206517,20.25,0.5625,Looking Away
0.7,0.7512075152646923,20.25,0.0,Looking Away
0.7,0.7180747968898654,19.875,0.0,Looking Away
0.7,0.6842637158610385,19.125,0.0,Looking Away
0.7,0.7094937970436915,19.875,-0.84375,Looking Away
0.7,0.7217015007810299,21.0,-1.125,Looking Away
1.0,0.7003814877685381,16.875,-10.125,Looking Away
1.0,0.7014443455512803,17.25,-9.84375,Looking Away
0.7,0.7027208701849154,15.749999999999998,-9.84375,Looking Away
1.0,0.7023033272558774,15.375,-10.40625,Looking Away
1.2999999999999998,0.7019110129361704,15.375,-10.6875,Looking Away
1.0,0.7021869279999775,15.749999999999998,-10.125,Looking Away
1.0,0.703812960866151,18.0,-10.6875,Looking Away
1.0,0.6988468065636776,17.625,-11.25,Looking Away
1.0,0.6986992956793034,18.0,-11.531249999999998,Looking Away
1.0,0.6994568736323445,17.625,-11.25,Looking Away
1.0,0.6987472896487279,16.875,-10.125,Looking Away
1.0,0.6995456858412425,17.25,-9.84375,Looking Away
1.0,0.702503089647344,16.875,-9.28125,Looking Away
1.0,0.7048666447908026,17.625,-10.125,Looking Away
0.7,0.6989239734237463,18.375,1.6875,Focused
1.0,0.7215746373325637,19.125,3.9374999999999996,Focused
0.7,0.726922303332548,19.125,4.5,Focused
0.7,0.7201143370504361,19.125,4.21875,Focused
0.7,0.763024073055261,19.875,3.9374999999999996,Focused
1.0,0.7702586261028052,20.25,4.21875,Focused
1.0,0.7467666716391147,19.875,4.21875,Focused
0.7,0.7444429502644107,19.875,4.21875,Focused
1.2999999999999998,0.757798874150384,20.25,5.0625,Focused
1.0,0.8197112431649214,21.375,4.21875,Focused
1.0,0.7844061176840641,20.25,3.375,Focused
0.7,0.797512731580601,20.625,3.375,Focused
1.0,0.8311311668071432,21.0,3.65625,Focused
1.0,0.8823502968176884,22.125,3.65625,Focused
1.0,0.9246836747664912,24.375,4.21875,Focused
1.0,0.9852356947503451,24.0,3.65625,Focused
0.7,0.9203761853310956,22.875,3.0937500000000004,Focused
0.7,0.9389796433822012,22.125,1.9687499999999998,Focused
0.7,0.912646674262066,23.250000000000004,2.25,Focused
0.7,0.9530967702647546,26.25,2.53125,Focused
0.7,0.9453821653754795,25.874999999999996,1.9687499999999998,Focused
0.7,1.0140628732463746,26.625,2.25,Focused
0.4,0.9885599327846325,26.625,1.40625,Focused
1.0,0.9776822190821942,26.625,1.9687499999999998,Focused
0.7,0.9831576836591185,27.0,1.40625,Focused
1.0,1.032953384696125,27.374999999999996,1.6875,Focused
1.0,0.9904957120464423,26.25,1.40625,Focused
1.2999999999999998,1.0552528639220276,27.0,1.6875,Focused
1.0,1.0802031792387334,26.625,1.40625,Focused
1.0,0.9946232478407245,27.374999999999996,1.40625,Focused
1.2999999999999998,0.9914714539318916,27.0,1.40625,Focused
1.2999999999999998,1.0414117463430355,25.874999999999996,1.40625,Focused
1.2999999999999998,0.9858844415194858,26.625,1.6875,Focused
1.0,1.0001892184603485,26.25,1.40625,Focused
1.2999999999999998,1.0293212979029664,26.625,1.9687499999999998,Focused
1.0,1.0739148928046016,27.0,2.25,Focused
1.0,1.0480688629117672,27.0,2.53125,Focused
1.0,1.0066224001745048,26.25,1.9687499999999998,Focused
1.0,0.9939831840730006,26.625,1.6875,Focused
1.0,0.9817491070889995,26.625,2.25,Focused
1.0,0.9968276037028515,26.625,1.40625,Focused
1.2999999999999998,1.0269909179075516,24.375,0.5625,Focused
0.7,0.8143771638956916,26.625,-2.25,Drowsy
0.7,0.8028195859945575,28.125,-3.65625,Drowsy
0.7,0.7858723609070176,28.5,-3.0937500000000004,Drowsy
1.0,0.79583750436364,28.5,-3.375,Drowsy
0.7,0.7971235931565588,28.125,-3.0937500000000004,Drowsy
0.7,0.8112116455698957,28.125,-3.0937500000000004,Drowsy
1.0,0.8164126187565642,28.875000000000004,-3.0937500000000004,Drowsy
0.7,0.7794960936478087,27.75,-3.65625,Drowsy
0.7,0.7807208113519561,27.75,-3.65625,Drowsy
0.7,0.8254859739867766,29.25,-3.65625,Drowsy
0.7,0.8137443724013849,29.25,-4.21875,Drowsy
0.7,0.8212269209780152,26.25,-1.6875,Drowsy
0.7,0.9264518318779935,30.375000000000004,-2.53125,Drowsy
0.7,0.8317452238996021,30.0,-3.0937500000000004,Drowsy
1.0,0.8769341153980491,31.125,-2.8125,Drowsy
0.7,0.9039930939303144,31.499999999999996,-2.8125,Drowsy
0.7,0.8831596484936788,31.125,-2.53125,Drowsy
1.0,0.8642587036291034,30.375000000000004,-2.8125,Drowsy
0.7,0.7935752563299029,27.0,-3.9374999999999996,Drowsy
1.0,0.830117499234463,25.874999999999996,-3.375,Drowsy
0.7,0.8210308730483166,24.750000000000004,-3.0937500000000004,Drowsy
1.0,0.8472077232752888,29.25,-3.9374999999999996,Drowsy
1.0,0.8324334361894256,28.875000000000004,-4.21875,Drowsy
1.0,0.8383786034026423,28.125,-4.78125,Drowsy
0.7,0.8726867271570246,28.5,-4.21875,Drowsy
1.0,0.8184839977952411,28.5,-4.5,Drowsy
0.7,0.8817910353855481,29.625,-4.78125,Drowsy
0.7,0.9414746296053633,32.25,-3.65625,Drowsy
0.7,0.9328293381333433,33.375,-3.375,Drowsy
1.0,0.8378692210001789,36.75,-4.21875,Drowsy
0.7,0.8519117499521767,36.375,-3.65625,Drowsy
1.0,0.8456506768754478,36.0,-3.65625,Drowsy
0.7,0.8466784249966754,35.25,-3.65625,Drowsy
0.7,0.862129189519881,35.625,-3.65625,Drowsy
1.0,0.8442879854955255,35.25,-3.375,Drowsy
1.0,0.9234784283523907,36.0,-3.65625,Drowsy
